{
    "content": {
        "setup": {
           "display": [
              "dom"
           ],
           "dynamicUrl": {
              "display_condition":"any_page",
              "matching_condition":{
                 "conditions":[
                    {
                       "operator":"equal"
                    }
                 ],
                 "match_type":"any"
              }
           },
           "environment": {
              "display_condition":"specific_domain",
              "domains": [
                 "staging.contextu.al"
              ]
           },
           "launcher": {
              "targetParams": {
                 "auto":1,
                 "waitTimeout":2000,
                 "whenTargetAvailable":"wait",
                 "whenTargetNotFound":"dismiss"
              },
              "type":"page-open",
              "view":"_ALL_"
           },
           "target-params": {
              "auto":1,
              "waitTimeout":2000,
              "whenTargetAvailable":"wait",
              "whenTargetNotFound":"dismiss"
           },
           "tool":"tour",
           "view":"_ALL_"
        }
    }
}
