{
    "buttons":{
        "dismiss":{
           "color":"#000000",
           "height":16,
           "width":16
        },
        "next":{
           "align":"left",
           "button-align":"center",
           "placement":"center",
           "text-align":"center",
           "type":"button"
        },
        "prev":{
           "align":"left",
           "button-align":"center",
           "placement":"center",
           "text-align":"center",
           "type":"button"
        }
     },
     "content":{
        "background-color":"#00000000",
        "box-shadow":0,
        "color":"#000000",
        "font-size":"-1",
        "line-height":"110%",
        "margin-bottom":1,
        "margin-left":10,
        "margin-right":10,
        "margin-top":1,
        "padding-bottom":10,
        "padding-left":1,
        "padding-right":1,
        "padding-top":10,
        "text":"Add your content here...",
        "text-align":"left"
     },
     "image":[
        
     ],
     "interactions":[
        
     ],
     "meta":{
        "animation":{
           "transition-in":{
              "type":"none"
           },
           "transition-out":{
              "type":"none"
           }
        },
        "background-color":"#ffffff",
        "box-shadow":0,
        "container_type":"tip",
        "dismiss-params":{
           "touch-in":1,
           "touch-out":1
        },
        "display-params":{
           "_height_unit":"px",
           "_width_unit":"px",
           "border-color":"#000000",
           "border-width":2,
           "width":250
        },
        "dynamicUrl":{
           "display_condition":"specific_path",
           "matching_condition":{
              "conditions":[
                 {
                    "operator":"equal",
                    "path":"/Wikipedia.ExploreViewController"
                 }
              ],
              "match_type":"any"
           }
        },
        "id":0,
        "margin-bottom":1,
        "margin-left":1,
        "margin-right":1,
        "margin-top":1,
        "padding-bottom":10,
        "padding-left":10,
        "padding-right":10,
        "padding-top":10,
        "placement":"bottom",
        "target":"UIButton-51C1A3E3745E6E7811F548519F094AC0",
        "target-params":{
           "ancestor":"UIButton@Wikipedia.ExploreViewController",
           "height":24,
           "index":0,
           "ios_version":"17.0.3",
           "type":"UIButton",
           "version":"3.0",
           "waitTimeout":2000,
           "whenTargetAvailable":"scroll",
           "whenTargetNotFound":"dismiss",
           "width":"125.3333333333333",
           "x":16,
           "y":99
        },
        "tool":"tip",
        "view":"Wikipedia.ExploreViewController"
     },
     "overlay":{
        
     },
     "screenshot":{
        "id":"892564|e691781a-8287-4a04-87c6-06ea2413e65a|1697521854"
     },
     "templateId":221,
     "theme":"placed-tip",
     "title":{
        "color":"#000000",
        "text-align":"left"
     }
}
