{
    "buttons":{
        "dismiss":{
           "align":"left",
           "color":"#000000",
           "file-name":"close",
           "height":16,
           "margin-right":5,
           "margin-top":5,
           "text-align":"center",
           "type":"button",
           "width":16
        },
        "layout":"horizontal",
        "next":{
           "align":"left",
           "background-color":"#2E7D32",
           "border-color":"#2E7D32",
           "border-width":2,
           "button-align":"right",
           "color":"#FAFAFA",
           "corner-radius":24,
           "font-size":16,
           "height":36,
           "margin-right":10,
           "padding-bottom":5,
           "padding-left":20,
           "padding-right":20,
           "padding-top":5,
           "placement":"right",
           "text":"Next",
           "text-align":"center",
           "type":"button"
        },
        "prev":{
           "align":"left",
           "border-color":"#2E7D32",
           "border-width":2,
           "button-align":"left",
           "color":"#2E7D32",
           "corner-radius":24,
           "font-size":16,
           "height":36,
           "margin-left":10,
           "padding-bottom":5,
           "padding-left":20,
           "padding-right":20,
           "padding-top":5,
           "placement":"left",
           "text":"Back",
           "text-align":"center",
           "type":"button"
        }
     },
     "content":{
        "background-color":"#00000000",
        "color":"#000000",
        "font-size":16,
        "line-height":"120%",
        "margin-bottom":10,
        "margin-left":10,
        "margin-right":10,
        "margin-top":10,
        "padding-bottom":10,
        "padding-left":1,
        "padding-right":1,
        "padding-top":10,
        "text":"You can contact us by email, phone or mail!",
        "text-align":"center"
     },
     "image":[
        {
           "id":0,
           "image-align":"center-top",
           "margin-top":20,
           "resource":"https://cdn.filestackcontent.com/WTkK9hMaTa2vPRYhViqW",
           "scale":0
        }
     ],
     "interactions":[
        
     ],
     "meta":{
        "animation":{
           "transition-in":{
              "type":"none"
           },
           "transition-out":{
              "type":"none"
           }
        },
        "background-color":"#FAFAFA",
        "box-shadow":0,
        "container_type":"modal",
        "dismiss-params":{
           "touch-in":0,
           "touch-out":1
        },
        "display-params":{
           "_height_unit":"px",
           "_width_unit":"%",
           "border-color":"#BDBDBD",
           "border-width":1,
           "corner-radius":12,
           "height":420,
           "width":"80%"
        },
        "dynamicUrl":{
           "display_condition":"any_page",
           "matching_condition":{
              "conditions":[
                 {
                    "operator":"equal"
                 }
              ],
              "match_type":"any"
           }
        },
        "id":0,
        "margin-bottom":0,
        "margin-left":0,
        "margin-right":0,
        "margin-top":0,
        "padding-bottom":10,
        "padding-left":10,
        "padding-right":10,
        "padding-top":10,
        "placement":"center",
        "target-params":{
           "auto":1,
           "waitTimeout":2000,
           "whenTargetAvailable":"scroll",
           "whenTargetNotFound":"dismiss"
        },
        "tool":"modal",
        "view":"_ALL_"
     },
     "overlay":{
        "background-color":"#449e9e9e",
        "type":"overlay"
     },
     "screenshot":{
        "client_version":"Unknown",
        "height":568,
        "id":"_ALL_",
        "json":[
           
        ],
        "model":"Simulator",
        "modified":"Unknown",
        "orientation":"portrait",
        "view":"_ALL_",
        "width":320
     },
     "templateId":213,
     "theme":"popup",
     "title":{
        "color":"#000000",
        "font-size":20,
        "font-weight":"bold",
        "margin-top":240,
        "text":"Contact us!",
        "text-align":"center"
     }
}
