{
  "buttons":{
     "dismiss":{
        "color":"#000000",
        "height":16,
        "width":16
     },
     "layout":"horizontal",
     "next":{
        "align":"left",
        "button-align":"center",
        "placement":"center",
        "text-align":"center",
        "type":"button"
     },
     "prev":{
        "align":"left",
        "button-align":"center",
        "placement":"center",
        "text-align":"center",
        "type":"button"
     }
  },
  "content":{
     "color":"#000000",
     "text-align":"left"
  },
  "feedback":{
     "c":[
        "Very Good",
        "So so"
     ],
     "i":0,
     "message":"Message",
     "title":"Title"
  },
  "image":[
     
  ],
  "interactions":[
     
  ],
  "meta":{
     "animation":{
        "transition-in":{
           "type":"none"
        },
        "transition-out":{
           "type":"none"
        }
     },
     "background-color":"#ffffff",
     "box-shadow":0,
     "container_type":"modal",
     "dismiss-params":{
        "touch-in":1,
        "touch-out":1
     },
     "display-params":{
        "_height_unit":"px",
        "_width_unit":"%",
        "border-color":"#E0E0E0",
        "border-width":1,
        "corner-radius":5,
        "width":"70%"
     },
     "dynamicUrl":{
        "display_condition":"any_page",
        "matching_condition":{
           "conditions":[
              {
                 "operator":"equal"
              }
           ],
           "match_type":"any"
        }
     },
     "id":0,
     "margin-bottom":1,
     "margin-left":1,
     "margin-right":1,
     "margin-top":1,
     "padding-bottom":10,
     "padding-left":10,
     "padding-right":10,
     "padding-top":10,
     "placement":"center",
     "target-params":{
        "auto":1,
        "waitTimeout":2000,
        "whenTargetAvailable":"scroll",
        "whenTargetNotFound":"dismiss"
     },
     "tool":"feedback",
     "view":"_ALL_"
  },
  "overlay":{
     
  },
  "screenshot":{
     "client_version":"Unknown",
     "height":568,
     "id":"_ALL_",
     "json":[
        
     ],
     "model":"Simulator",
     "modified":"Unknown",
     "orientation":"portrait",
     "view":"_ALL_",
     "width":320
  },
  "templateId":207,
  "theme":"feedback",
  "title":{
     "color":"#000000",
     "text-align":"left"
  }
}
